﻿uid;Feature;Taxonomy;content-related focus;content-related update cycle;modelling method;data sources;data collection;
;Feature is the possible component that characterizes the learner. These components are all taken from the analysed publications.;The top category assigned from our new created taxonomy (a kind of class label) to make it easier to categorize and characterize the component.;Is the component domain-specific to a concrete learning topic or generally valid in relation to its content?;How often does the content of the component change? Rather static or very dynamic.;How is the component and its content technically modeled in order to persist the content?;Where does the content for this component come from?;How is content collected for this component? Implicitly or must this be done explicitly?;.
1;cognitive ability;cognitive characteristics;domain-independent;static;;;;
2;cognitive level;cognitive characteristics;domain-independent;dynamic;;;;
3;cognitive style;cognitive characteristics;domain-independent;static;;;;
4;cognitive deficits;cognitive characteristics;domain-independent;dynamic;;;;
5;attention;cognitive characteristics;domain-independent;dynamic;;;;
6;concentration;cognitive characteristics;domain-independent;dynamic;;;;
7;(work) memory;cognitive characteristics;domain-independent;static;;;;
8;"knowledge /
prior knowledge /
foreknowledge";cognitive characteristics;domain-specific;dynamic;;;;
9;intelligent level;cognitive characteristics;domain-specific;dynamic;;;;
10;competence;cognitive characteristics;domain-specific;dynamic;;;;
11;proficiency;cognitive characteristics;domain-specific;dynamic;;;;
12;skills;cognitive characteristics;domain-specific;dynamic;;;;
13;ability level;cognitive characteristics;domain-independent;static;;;;
14;ability to learn and understand;cognitive characteristics;domain-independent;static;;;;
15;analyzing abilities;cognitive characteristics;domain-independent;static;;;;
16;comprehension;cognitive characteristics;domain-specific;dynamic;;;;
17;abilities to solve problems;cognitive characteristics;domain-independent;static;;;;
18;analyzing & reasoning;cognitive characteristics;domain-specific;dynamic;;;;
19;critical thinking;cognitive characteristics;domain-independent;static;;;;
20;abilities to making decisions;cognitive characteristics;domain-specific;dynamic;;;;
21;communication skills;cognitive characteristics;domain-independent;static;;;;
22;collaborative skills;cognitive characteristics;domain-independent;static;;;;
23;creation;cognitive characteristics;domain-independent;static;;;;
24;information processing abilities;cognitive characteristics;domain-independent;static;;;;
25;phonological processing;cognitive characteristics;domain-independent;static;;;;
26;orthographic processing;cognitive characteristics;domain-independent;static;;;;
27;lexical access;cognitive characteristics;domain-independent;static;;;;
28;perception;cognitive characteristics;domain-independent;static;;;;
29;perceptual style;cognitive characteristics;domain-independent;static;;;;
30;beliefs;cognitive characteristics;domain-independent;static;;;;
31;learner’s credibility;cognitive characteristics;domain-independent;static;;;;
32;objectives;cognitive characteristics;domain-independent;static;;;;
33;self-awareness;metacognitive characteristics;domain-independent;static;;;;
34;self-management;metacognitive characteristics;domain-independent;static;;;;
35;self-monitoring;metacognitive characteristics;domain-independent;static;;;;
36;self-assessment;metacognitive characteristics;domain-independent;static;;;;
37;self-regulation;metacognitive characteristics;domain-independent;static;;;;
38;self-explanation;metacognitive characteristics;domain-independent;static;;;;
39;mental state;affective & motivational characteristics;domain-specific;dynamic;;;;
40;engagement;affective & motivational characteristics;domain-specific;dynamic;;;;
41;effort;affective & motivational characteristics;domain-specific;dynamic;;;;
42;commitment;affective & motivational characteristics;domain-specific;dynamic;;;;
43;volition;affective & motivational characteristics;domain-specific;dynamic;;;;
44;motivation;affective & motivational characteristics;domain-specific;dynamic;;;;
45;user intentions;affective & motivational characteristics;domain-specific;dynamic;;;;
46;expectations;affective & motivational characteristics;domain-specific;dynamic;;;;
47;learner opinion;affective & motivational characteristics;domain-specific;dynamic;;;;
48;desires;affective & motivational characteristics;domain-specific;dynamic;;;;
49;emotions;affective & motivational characteristics;domain-specific;dynamic;;;;
50;feelings;affective & motivational characteristics;domain-specific;dynamic;;;;
51;sentiments;affective & motivational characteristics;domain-specific;dynamic;;;;
52;mood state;affective & motivational characteristics;domain-specific;dynamic;;;;
53;self-esteem;affective & motivational characteristics;domain-specific;dynamic;;;;
54;satisfaction;affective & motivational characteristics;domain-specific;dynamic;;;;
55;"flow /
immersion";affective & motivational characteristics;domain-specific;dynamic;;;;
56;anxiety;affective & motivational characteristics;domain-specific;dynamic;;;;
57;name;demographic & biographic data;domain-independent;static;;;;
58;birthdate;demographic & biographic data;domain-independent;static;;;;
59;gender;demographic & biographic data;domain-independent;static;;;;
60;address;demographic & biographic data;domain-independent;static;;;;
61;contact;demographic & biographic data;domain-independent;static;;;;
62;tongue language;demographic & biographic data;domain-independent;static;;;;
63;ethnicity;demographic & biographic data;domain-independent;static;;;;
64;nation;demographic & biographic data;domain-independent;static;;;;
65;origin;demographic & biographic data;domain-independent;static;;;;
66;cultural;demographic & biographic data;domain-independent;static;;;;
67;cultural-linguistic heritage;demographic & biographic data;domain-independent;static;;;;
68;affiliation;demographic & biographic data;domain-independent;static;;;;
69;belonging;demographic & biographic data;domain-independent;static;;;;
70;occupation;demographic & biographic data;domain-independent;static;;;;
71;locationinformation;demographic & biographic data;domain-independent;static;;;;
72;personality;personal traits;domain-independent;static;;;;
73;interests;personal traits;domain-specific;static;;;;
74;intentions;personal traits;domain-specific;static;;;;
75;ambitions;personal traits;domain-specific;static;;;;
76;learning targets;personal traits;domain-specific;static;;;;
77;destination;personal traits;domain-specific;static;;;;
78;goal setting;personal traits;domain-specific;static;;;;
79;learning purpose;personal traits;domain-specific;static;;;;
80;learner preferences;personal traits;domain-specific;static;;;;
81;learning preferences;personal traits;domain-specific;static;;;;
82;learning styles;personal traits;domain-specific;static;;;;
83;daily habits;personal traits;domain-independent;static;;;;
84;learner’s abilities;personal traits;domain-specific;static;;;;
85;difficulties;personal traits;domain-specific;static;;;;
86;helpfulness;personal traits;domain-independent;static;;;;
87;health conditions;personal traits;domain-independent;static;;;;
88;disability;personal traits;domain-independent;static;;;;
89;prerequisites;personal traits;domain-independent;static;;;;
90;user needs;personal traits;domain-independent;static;;;;
91;specific needs;personal traits;domain-independent;static;;;;
92;mobility needs;personal traits;domain-independent;static;;;;
93;user metadata;management / administrative data (identification data);domain-independent;static;;;;
94;credentials;management / administrative data (identification data);domain-independent;static;;;;
95;username;management / administrative data (identification data);domain-independent;static;;;;
96;password;management / administrative data (identification data);domain-independent;static;;;;
97;(u)id;management / administrative data (identification data);domain-independent;static;;;;
98;email;management / administrative data (identification data);domain-independent;static;;;;
99;enrolment number;management / administrative data (identification data);domain-independent;static;;;;
100;user type;management / administrative data (identification data);domain-independent;static;;;;
101;degree;academic / educational data;domain-independent;static;;;;
102;level  of education;academic / educational data;domain-independent;static;;;;
103;certificates of completion;academic / educational data;domain-independent;static;;;;
104;academic achievement;academic / educational data;domain-independent;static;;;;
105;any relevant certifications or training;academic / educational data;domain-independent;static;;;;
106;discipline;academic / educational data;domain-independent;static;;;;
107;proficiency;academic / educational data;domain-independent;static;;;;
108;profession;academic / educational data;domain-independent;static;;;;
109;vocational aptitude;academic / educational data;domain-independent;static;;;;
110;qualifications;academic / educational data;domain-independent;static;;;;
111;expertise;academic / educational data;domain-independent;static;;;;
112;experience;academic / educational data;domain-independent;static;;;;
113;languages;academic / educational data;domain-independent;static;;;;
114;"phase of studying /
school stage";academic / educational data;domain-independent;static;;;;
115;enrollment;academic / educational data;domain-independent;static;;;;
116;learning plan;academic / educational data;domain-independent;static;;;;
117;previous courses taken;academic / educational data;domain-independent;static;;;;
118;generalization of biases;academic / educational data;domain-independent;static;;;;
119;confidence;(learning) behaviour data;domain-specific;static;;;;
120;activity plan;(learning) behaviour data;domain-specific;static;;;;
121;learning path;(learning) behaviour data;domain-specific;static;;;;
122;progress;(learning) behaviour data;domain-specific;dynamic;;;;
123;activities;(learning) behaviour data;domain-specific;dynamic;;;;
124;user records;(learning) behaviour data;domain-specific;dynamic;;;;
125;consumption level;(learning) behaviour data;domain-specific;dynamic;;;;
126;consumption amount;(learning) behaviour data;domain-specific;dynamic;;;;
127;consumption frequency;(learning) behaviour data;domain-specific;dynamic;;;;
128;task engagement;(learning) behaviour data;domain-specific;dynamic;;;;
129;successes;(learning) behaviour data;domain-specific;dynamic;;;;
130;failed courses;(learning) behaviour data;domain-specific;dynamic;;;;
131;errors;(learning) behaviour data;domain-specific;dynamic;;;;
132;error categories;(learning) behaviour data;domain-specific;dynamic;;;;
133;misconceptions / contradictions;(learning) behaviour data;domain-specific;dynamic;;;;
134;biases;learning resource / assessment data;domain-specific;dynamic;;;;
135;assignments;learning resource / assessment data;domain-specific;dynamic;;;;
136;scores;learning resource / assessment data;domain-specific;dynamic;;;;
137;grades;learning resource / assessment data;domain-specific;dynamic;;;;
138;quality of results;learning resource / assessment data;domain-specific;dynamic;;;;
139;problem solving time;learning resource / assessment data;domain-specific;dynamic;;;;
140;completion rate;learning resource / assessment data;domain-specific;dynamic;;;;
141;click through rate;learning resource / assessment data;domain-specific;dynamic;;;;
142;stay time;learning resource / assessment data;domain-specific;dynamic;;;;
143;learner’s contribution;social content data;domain-independent;dynamic;;;;
144;open data on the internet;social content data;domain-independent;dynamic;;;;
145;social ties;social content data;domain-independent;dynamic;;;;
146;projects;social content data;domain-independent;dynamic;;;;
147;groups;social content data;domain-independent;dynamic;;;;
148;interactions with the system;interaction data;domain-independent;dynamic;;;;
149;social behaviors;interaction data;domain-independent;dynamic;;;;
150;degree of collaboration;interaction data;domain-independent;dynamic;;;;
151;communication;interaction data;domain-independent;dynamic;;;;
152;relationships;interaction data;domain-independent;dynamic;;;;
153;roles of relations;interaction data;domain-independent;dynamic;;;;
154;reaction time;interaction data;domain-independent;dynamic;;;;
155;socio-technical context;contextual data / context-aware parameters;domain-independent;static;;;;
156;social context;contextual data / context-aware parameters;domain-independent;static;;;;
157;learning situation;contextual data / context-aware parameters;domain-independent;static;;;;
158;ecosystem;contextual data / context-aware parameters;domain-independent;static;;;;
159;environment;contextual data / context-aware parameters;domain-independent;static;;;;
160;cultural;contextual data / context-aware parameters;domain-independent;static;;;;
161;device;contextual data / context-aware parameters;domain-independent;dynamic;;;;
162;device parameter;contextual data / context-aware parameters;domain-independent;dynamic;;;;
163;mobile sensors;contextual data / context-aware parameters;domain-independent;dynamic;;;;
164;physical location;contextual data / context-aware parameters;domain-independent;dynamic;;;;
165;geographical location;contextual data / context-aware parameters;domain-independent;static;;;;
166;time;contextual data / context-aware parameters;domain-independent;dynamic;;;;
167;screen size;contextual data / context-aware parameters;domain-independent;dynamic;;;;
168;background noise;contextual data / context-aware parameters;domain-independent;dynamic;;;;
169;calendar;contextual data / context-aware parameters;domain-independent;dynamic;;;;
170;appointments;contextual data / context-aware parameters;domain-independent;dynamic;;;;
171;activity logs;technical usage data;domain-independent;dynamic;;;;
172;events;technical usage data;domain-independent;dynamic;;;;
173;browsing history;technical usage data;domain-independent;dynamic;;;;
174;eye tracking;physiological data;domain-independent;dynamic;;;;
175;heartrate;physiological data;domain-independent;dynamic;;;;
176;skin response;physiological data;domain-independent;dynamic;;;;
177;brainwave;physiological data;domain-independent;dynamic;;;;
178;physical movement;psychomotor data;domain-independent;dynamic;;;;
179;physical activities;psychomotor data;domain-independent;dynamic;;;;
180;motor skills;psychomotor data;domain-independent;dynamic;;;;
181;coordination;psychomotor data;domain-independent;dynamic;;;;
182;;;;;;;;
183;;;;;;;;
184;;;;;;;;
185;;;;;;;;
186;;;;;;;;
187;;;;;;;;
188;;;;;;;;
189;;;;;;;;
190;;;;;;;;
191;;;;;;;;
192;;;;;;;;
193;;;;;;;;
194;;;;;;;;
195;;;;;;;;
196;;;;;;;;
197;;;;;;;;
198;;;;;;;;
199;;;;;;;;
200;;;;;;;;
